[
  {
    "id": 1,
    "key": "Decision matrix",
    "label": "Macierz decyzyjna",
    "function": "primary",
    "type": "matrix",
    "data": [
      {
        "id": 1,
        "name": "File",
        "extensions": ["crisp", "fuzzy"],
        "hints": "Macierz decyzyjna i typy kryteriów wczytywane z pliku",
        "inputConnections": [],
        "outputConnections": ["weights"]
      },
      {
        "id": 2,
        "name": "Input",
        "extensions": ["crisp", "fuzzy"],
        "hints": "Macierz decyzyjna i typy kryteriów podawane przez użytkownika",
        "inputConnections": [],
        "outputConnections": ["weights"]
      },
      {
        "id": 3,
        "name": "Random",
        "extensions": ["crisp", "fuzzy"],
        "hints": "Macierz decyzyjna generowana losowo, typy kryteriów podawane przez użytkownika",
        "inputConnections": [],
        "outputConnections": ["weights"]
      }
    ]
  },
  {
    "id": 2,
    "key": "Weights",
    "label": "Wagi",
    "function": "primary",
    "type": "weights",
    "data": [
      {
        "id": 1,
        "name": "Angle",
        "extensions": ["crisp"],
        "hints": "Wagi kryteriów wyliczane na podstawie macierzy decyzyjnej",
        "inputConnections": ["matrix"],
        "outputConnections": ["method"]
      },
      {
        "id": 2,
        "name": "CILOS",
        "extensions": ["crisp"],
        "hints": "Wagi kryteriów wyliczane na podstawie macierzy decyzyjnej. Wykorzystuje typów kryteriów",
        "inputConnections": ["matrix"],
        "outputConnections": ["method"]
      },
      {
        "id": 3,
        "name": "CRITIC",
        "extensions": ["crisp"],
        "hints": "Wagi kryteriów wyliczane na podstawie macierzy decyzyjnej",
        "inputConnections": ["matrix"],
        "outputConnections": ["method"]
      },
      {
        "id": 4,
        "name": "Entropy",
        "extensions": ["crisp", "fuzzy"],
        "hints": "Wagi kryteriów wyliczane na podstawie macierzy decyzyjnej",
        "inputConnections": ["matrix"],
        "outputConnections": ["method"]
      },
      {
        "id": 5,
        "name": "Equal",
        "extensions": ["crisp", "fuzzy"],
        "hints": "Wagi kryteriów wyliczane na podstawie macierzy decyzyjnej",
        "inputConnections": ["matrix"],
        "outputConnections": ["method"]
      },
      {
        "id": 6,
        "name": "Gini",
        "extensions": ["crisp"],
        "hints": "Wagi kryteriów wyliczane na podstawie macierzy decyzyjnej",
        "inputConnections": ["matrix"],
        "outputConnections": ["method"]
      },
      {
        "id": 7,
        "name": "IDOCRIW",
        "extensions": ["crisp"],
        "hints": "Wagi kryteriów wyliczane na podstawie macierzy decyzyjnej. Wykorzystuje typów kryteriów",
        "inputConnections": ["matrix"],
        "outputConnections": ["method"]
      },
      {
        "id": 8,
        "name": "Input",
        "extensions": ["crisp", "fuzzy"],
        "hints": "Wagi kryteriów wprowadzone przez użytkownika",
        "inputConnections": ["matrix"],
        "outputConnections": ["method"]
      },
      {
        "id": 9,
        "name": "MEREC",
        "extensions": ["crisp"],
        "hints": "Wagi kryteriów wyliczane na podstawie macierzy decyzyjnej. Wykorzystuje typów kryteriów",
        "inputConnections": ["matrix"],
        "outputConnections": ["method"]
      },
      {
        "id": 10,
        "name": "Standard deviation",
        "extensions": ["crisp", "fuzzy"],
        "hints": "Wagi kryteriów wyliczane na podstawie macierzy decyzyjnej",
        "inputConnections": ["matrix"],
        "outputConnections": ["method"]
      },
      {
        "id": 11,
        "name": "Variance",
        "extensions": ["crisp", "fuzzy"],
        "hints": "Wagi kryteriów wyliczane na podstawie macierzy decyzyjnej",
        "inputConnections": ["matrix"],
        "outputConnections": ["method"]
      }
    ]
  },
  {
    "id": 3,
    "key": "Methods",
    "label": "Metody",
    "function": "primary",
    "type": "method",
    "data": [
      {
        "id": 1,
        "name": "ARAS",
        "abbreviation": "Additive Ratio Assessment",
        "extensions": ["crisp", "fuzzy"],
        "order": "descending",
        "kwargs": [
          {
            "extension": "crisp",
            "data": [
              {
                "id": 1,
                "method": "normalization",
                "parameter": "normalization_function",
                "default": "sum_normalization",
                "type": "select"
              }
            ]
          },
          {
            "extension": "fuzzy",
            "data": [
              {
                "id": 1,
                "method": "normalization",
                "parameter": "normalization",
                "default": "sum_normalization",
                "type": "select"
              }
            ]
          }
        ],
        "inputConnections": ["weights"],
        "outputConnections": ["visualization", "ranking", "correlation"],
        "hints": ""
      },
      {
        "id": 2,
        "name": "COCOSO",
        "abbreviation": "Combined Compromise Solution",
        "extensions": ["crisp", "fuzzy"],
        "order": "descending",
        "kwargs": [
          {
            "extension": "crisp",
            "data": [
              {
                "id": 1,
                "method": "normalization",
                "parameter": "normalization_function",
                "default": "minmax_normalization",
                "type": "select"
              }
            ]
          },
          {
            "extension": "fuzzy",
            "data": [
              {
                "id": 1,
                "method": "normalization",
                "parameter": "normalization",
                "default": "cocoso_normalization",
                "type": "select"
              },
              {
                "id": 2,
                "method": "defuzzification",
                "parameter": "defuzzify",
                "default": "mean_defuzzification",
                "type": "select"
              }
            ]
          }
        ],
        "inputConnections": ["weights"],
        "outputConnections": ["visualization", "ranking", "correlation"],
        "hints": ""
      },
      {
        "id": 3,
        "name": "CODAS",
        "abbreviation": "Combinative Distance-based Assessment",
        "extensions": ["crisp", "fuzzy"],
        "order": "descending",
        "kwargs": [
          {
            "extension": "crisp",
            "data": [
              {
                "id": 1,
                "method": "normalization",
                "parameter": "normalization_function",
                "default": "linear_normalization",
                "type": "select"
              }
            ]
          },
          {
            "extension": "fuzzy",
            "data": [
              {
                "id": 1,
                "method": "normalization",
                "parameter": "normalization",
                "default": "max_normalization",
                "type": "select"
              },
              {
                "id": 2,
                "method": "distance",
                "parameter": "distance_1",
                "default": "euclidean_distance",
                "type": "select"
              },
              {
                "id": 3,
                "method": "distance",
                "parameter": "distance_2",
                "default": "hamming_distance",
                "type": "select"
              }
            ]
          }
        ],
        "inputConnections": ["weights"],
        "outputConnections": ["visualization", "ranking", "correlation"],
        "hints": ""
      },
      {
        "id": 4,
        "name": "COMET",
        "abbreviation": "Characteristic Objects Method",
        "extensions": ["crisp"],
        "order": "descending",
        "kwargs": [
          {
            "extension": "crisp",
            "data": [
              {
                "id": 1,
                "method": "expert function",
                "parameter": "expert_function",
                "default": "method_expert",
                "type": "select"
              },
              {
                "id": 2,
                "method": "expected solution points",
                "parameter": "esp",
                "default": "",
                "type": "array",
                "dimension": 1,
                "required": false
              }
            ]
          }
        ],
        "inputConnections": ["weights"],
        "outputConnections": ["visualization", "ranking", "correlation"],
        "hints": ""
      },
      {
        "id": 5,
        "name": "COPRAS",
        "abbreviation": "Complex Proportional Assessment",
        "extensions": ["crisp", "fuzzy"],
        "order": "descending",
        "kwargs": [
          {
            "extension": "fuzzy",
            "data": [
              {
                "id": 1,
                "method": "normalization",
                "parameter": "normalization",
                "default": "saw_normalization",
                "type": "select"
              }
            ]
          }
        ],
        "inputConnections": ["weights"],
        "outputConnections": ["visualization", "ranking", "correlation"],
        "hints": "Wymaga niejednakowych typów kryteriów"
      },
      {
        "id": 6,
        "name": "EDAS",
        "abbreviation": "Evaluation based on Distance from Average Solution",
        "extensions": ["crisp", "fuzzy"],
        "order": "descending",
        "kwargs": [
          {
            "extension": "fuzzy",
            "data": [
              {
                "id": 1,
                "method": "defuzzification",
                "parameter": "defuzzify",
                "default": "mean_defuzzification",
                "type": "select"
              }
            ]
          }
        ],
        "inputConnections": ["weights"],
        "outputConnections": ["visualization", "ranking", "correlation"],
        "hints": ""
      },
      {
        "id": 7,
        "name": "ERVD",
        "abbreviation": "Election based on Relative Value Distances method",
        "extensions": ["crisp"],
        "order": "descending",
        "kwargs": [
          {
            "extension": "crisp",
            "data": [
              {
                "id": 1,
                "method": "lambda",
                "parameter": "lam",
                "default": "2.25",
                "type": "input",
                "min": 0.1
              },
              {
                "id": 2,
                "method": "alpha",
                "parameter": "alpha",
                "default": "0.88",
                "type": "input",
                "min": 0.1
              },
              {
                "id": 3,
                "method": "reference points",
                "parameter": "ref_point",
                "default": "",
                "type": "array",
                "dimension": 1,
                "required": false
              }
            ]
          }
        ],
        "inputConnections": ["weights"],
        "outputConnections": ["visualization", "ranking", "correlation"],
        "hints": ""
      },
      {
        "id": 8,
        "name": "INPUT",
        "abbreviation": "",
        "extensions": ["crisp"],
        "order": "descending",
        "kwargs": [],
        "inputConnections": [],
        "outputConnections": ["visualization", "ranking", "correlation"],
        "hints": "Preferencje podane przez użytkownika"
      },
      {
        "id": 9,
        "name": "MABAC",
        "abbreviation": "Multi-Attributive Border Approximation area Comparison",
        "extensions": ["crisp", "fuzzy"],
        "order": "descending",
        "kwargs": [
          {
            "extension": "crisp",
            "data": [
              {
                "id": 1,
                "method": "normalization",
                "parameter": "normalization_function",
                "default": "minmax_normalization",
                "type": "select"
              }
            ]
          },
          {
            "extension": "fuzzy",
            "data": [
              {
                "id": 1,
                "method": "normalization",
                "parameter": "normalization",
                "default": "minmax_normalization",
                "type": "select"
              },
              {
                "id": 2,
                "method": "defuzzification",
                "parameter": "defuzzify",
                "default": "mean_defuzzification",
                "type": "select"
              }
            ]
          }
        ],
        "inputConnections": ["weights"],
        "outputConnections": ["visualization", "ranking", "correlation"],
        "hints": ""
      },
      {
        "id": 10,
        "name": "MAIRCA",
        "abbreviation": "Multi-Attributive Ideal-Real Comparative Analysis",
        "extensions": ["crisp", "fuzzy"],
        "order": "descending",
        "kwargs": [
          {
            "extension": "crisp",
            "data": [
              {
                "id": 1,
                "method": "normalization",
                "parameter": "normalization_function",
                "default": "minmax_normalization",
                "type": "select"
              }
            ]
          },
          {
            "extension": "fuzzy",
            "data": [
              {
                "id": 1,
                "method": "normalization",
                "parameter": "normalization",
                "default": "vector_normalization",
                "type": "select"
              },
              {
                "id": 2,
                "method": "distance",
                "parameter": "distance",
                "default": "vertex_distance",
                "type": "select"
              }
            ]
          }
        ],
        "inputConnections": ["weights"],
        "outputConnections": ["visualization", "ranking", "correlation"],
        "hints": ""
      },
      {
        "id": 11,
        "name": "MARCOS",
        "abbreviation": "Measurement Alternatives and Ranking according to COmpromise Solution",
        "extensions": ["crisp"],
        "order": "descending",
        "kwargs": [
          {
            "extension": "crisp",
            "data": [
              {
                "id": 1,
                "method": "normalization",
                "parameter": "normalization_function",
                "default": "sum_normalization",
                "type": "select"
              }
            ]
          }
        ],
        "inputConnections": ["weights"],
        "outputConnections": ["visualization", "ranking", "correlation"],
        "hints": ""
      },
      {
        "id": 12,
        "name": "MOORA",
        "abbreviation": "Multi-Objective Optimization Method by Ratio Analysis",
        "extensions": ["crisp", "fuzzy"],
        "order": "descending",
        "kwargs": [
          {
            "extension": "fuzzy",
            "data": [
              {
                "id": 1,
                "method": "normalization",
                "parameter": "normalization",
                "default": "vector_normalization",
                "type": "select"
              }
            ]
          }
        ],
        "inputConnections": ["weights"],
        "outputConnections": ["visualization", "ranking", "correlation"],
        "hints": ""
      },
      {
        "id": 13,
        "name": "OCRA",
        "abbreviation": "Operational Competitiveness Ratings",
        "extensions": ["crisp", "fuzzy"],
        "order": "descending",
        "kwargs": [
          {
            "extension": "crisp",
            "data": [
              {
                "id": 1,
                "method": "normalization",
                "parameter": "normalization_function",
                "default": "sum_normalization",
                "type": "select"
              }
            ]
          },
          {
            "extension": "fuzzy",
            "data": [
              {
                "id": 1,
                "method": "defuzzification",
                "parameter": "defuzzify",
                "default": "mean_defuzzification",
                "type": "select"
              }
            ]
          }
        ],
        "inputConnections": ["weights"],
        "outputConnections": ["visualization", "ranking", "correlation"],
        "hints": ""
      },
      {
        "id": 14,
        "name": "PROBID",
        "abbreviation": "Preference Ranking on the Basis of Ideal-Average Distance Method",
        "extensions": ["crisp"],
        "order": "descending",
        "kwargs": [
          {
            "extension": "crisp",
            "data": [
              {
                "id": 1,
                "method": "short PROBID",
                "parameter": "sPROBID",
                "default": "false",
                "type": "bool"
              }
            ]
          }
        ],
        "inputConnections": ["weights"],
        "outputConnections": ["visualization", "ranking", "correlation"],
        "hints": ""
      },
      {
        "id": 15,
        "name": "PROMETHEE",
        "abbreviation": "Preference Ranking Organization METHod for Enrichment of Evaluations",
        "extensions": ["crisp"],
        "order": "descending",
        "kwargs": [
          {
            "extension": "crisp",
            "data": [
              {
                "id": 1,
                "method": "preference function",
                "parameter": "preference_function",
                "default": "usual",
                "type": "select"
              },
              {
                "id": 2,
                "method": "p",
                "parameter": "p",
                "default": "",
                "type": "array",
                "min": 0.1,
                "dimension": 1,
                "required": false
              },
              {
                "id": 2,
                "method": "q",
                "parameter": "q",
                "default": "",
                "type": "array",
                "min": 0.1,
                "dimension": 1,
                "required": false
              }
            ]
          }
        ],
        "inputConnections": ["weights"],
        "outputConnections": ["visualization", "ranking", "correlation"],
        "hints": ""
      },
      {
        "id": 16,
        "name": "RIM",
        "abbreviation": "Reference Ideal Method",
        "extensions": ["crisp"],
        "order": "descending",
        "kwargs": [
          {
            "extension": "crisp",
            "data": [
              {
                "id": 1,
                "method": "bounds",
                "parameter": "bounds",
                "default": "",
                "type": "array",
                "dimension": 2,
                "required": true
              },
              {
                "id": 2,
                "method": "reference ideal",
                "parameter": "ref_ideal",
                "default": "",
                "type": "array",
                "dimension": 1,
                "required": false
              }
            ]
          }
        ],
        "inputConnections": ["weights"],
        "outputConnections": ["visualization", "ranking", "correlation"],
        "hints": ""
      },
      {
        "id": 17,
        "name": "SPOTIS",
        "abbreviation": "Stable Preference Ordering Towards Ideal Solution",
        "extensions": ["crisp", "fuzzy"],
        "order": "descending",
        "kwargs": [
          {
            "extension": "crisp",
            "data": [
              {
                "id": 1,
                "method": "bounds",
                "parameter": "bounds",
                "default": "",
                "type": "array",
                "dimension": 2,
                "required": true
              },
              {
                "id": 2,
                "method": "expected solution points",
                "parameter": "esp",
                "default": "",
                "type": "array",
                "dimension": 1,
                "required": false
              }
            ]
          },
          {
            "extension": "fuzzy",
            "data": [
              {
                "id": 1,
                "method": "bounds",
                "parameter": "bounds",
                "default": "",
                "type": "array",
                "dimension": 2,
                "required": true
              }
            ]
          }
        ],
        "inputConnections": ["weights"],
        "outputConnections": ["visualization", "ranking", "correlation"],
        "hints": ""
      },
      {
        "id": 18,
        "name": "TOPSIS",
        "abbreviation": "Technique for the Order of Prioritisation by Similarity to Ideal Solution",
        "extensions": ["crisp", "fuzzy"],
        "order": "descending",
        "kwargs": [
          {
            "extension": "crisp",
            "data": [
              {
                "id": 1,
                "method": "normalization",
                "parameter": "normalization_function",
                "default": "minmax_normalization",
                "type": "select"
              }
            ]
          },
          {
            "extension": "fuzzy",
            "data": [
              {
                "id": 1,
                "method": "normalization",
                "parameter": "normalization",
                "default": "linear_normalization",
                "type": "select"
              },
              {
                "id": 2,
                "method": "distance",
                "parameter": "distance",
                "default": "vertex_distance",
                "type": "select"
              }
            ]
          }
        ],
        "inputConnections": ["weights"],
        "outputConnections": ["visualization", "ranking", "correlation"],
        "hints": ""
      },
      {
        "id": 19,
        "name": "VIKOR",
        "abbreviation": "VIseKriterijumska Optimizacija I Kompromisno Resenje",
        "extensions": ["crisp", "fuzzy"],
        "order": "ascending",
        "kwargs": [
          {
            "extension": "crisp",
            "data": [
              {
                "id": 1,
                "method": "normalization",
                "parameter": "normalization_function",
                "default": "sum_normalization",
                "type": "select"
              },
              {
                "id": 2,
                "method": "v",
                "parameter": "v",
                "default": "0.5",
                "type": "input",
                "min": 0,
                "max": 1
              }
            ]
          },
          {
            "extension": "fuzzy",
            "data": [
              {
                "id": 1,
                "method": "defuzzification",
                "parameter": "defuzzify",
                "default": "mean_area_defuzzification",
                "type": "select"
              },
              {
                "id": 2,
                "method": "v",
                "parameter": "v",
                "default": "0.5",
                "type": "input",
                "min": 0,
                "max": 1
              }
            ]
          }
        ],
        "inputConnections": ["weights"],
        "outputConnections": ["visualization", "ranking", "correlation"],
        "hints": "Zwraca wyniki dla podejścia 'Q'"
      },
      {
        "id": 20,
        "name": "WASPAS",
        "abbreviation": "Weighted Aggregated Sum Product ASSessment",
        "extensions": ["crisp", "fuzzy"],
        "order": "descending",
        "kwargs": [
          {
            "extension": "crisp",
            "data": [
              {
                "id": 1,
                "method": "normalization",
                "parameter": "normalization_function",
                "default": "linear_normalization",
                "type": "select"
              }
            ]
          },
          {
            "extension": "fuzzy",
            "data": [
              {
                "id": 1,
                "method": "normalization",
                "parameter": "normalization",
                "default": "waspas_normalization",
                "type": "select"
              },
              {
                "id": 2,
                "method": "defuzzification",
                "parameter": "defuzzify",
                "default": "mean_defuzzification",
                "type": "select"
              }
            ]
          }
        ],
        "inputConnections": ["weights"],
        "outputConnections": ["visualization", "ranking", "correlation"],
        "hints": ""
      },
      {
        "id": 21,
        "name": "WPM",
        "abbreviation": "Weighted Product Model",
        "extensions": ["crisp", "fuzzy"],
        "order": "descending",
        "kwargs": [
          {
            "extension": "crisp",
            "data": [
              {
                "id": 1,
                "method": "normalization",
                "parameter": "normalization_function",
                "default": "sum_normalization",
                "type": "select"
              }
            ]
          },
          {
            "extension": "fuzzy",
            "data": [
              {
                "id": 1,
                "method": "defuzzification",
                "parameter": "defuzzify",
                "default": "mean_defuzzification",
                "type": "select"
              }
            ]
          }
        ],
        "inputConnections": ["weights"],
        "outputConnections": ["visualization", "ranking", "correlation"],
        "hints": ""
      },
      {
        "id": 22,
        "name": "WSM",
        "abbreviation": "Weighted Sum Model",
        "extensions": ["crisp", "fuzzy"],
        "order": "descending",
        "kwargs": [
          {
            "extension": "crisp",
            "data": [
              {
                "id": 1,
                "method": "normalization",
                "parameter": "normalization_function",
                "default": "sum_normalization",
                "type": "select"
              }
            ]
          },
          {
            "extension": "fuzzy",
            "data": [
              {
                "id": 1,
                "method": "defuzzification",
                "parameter": "defuzzify",
                "default": "mean_defuzzification",
                "type": "select"
              }
            ]
          }
        ],
        "inputConnections": ["weights"],
        "outputConnections": ["visualization", "ranking", "correlation"],
        "hints": ""
      }
    ]
  },
  {
    "id": 4,
    "key": "Normalization",
    "label": "Normalizacja",
    "function": "additional",
    "type": "normalization",
    "data": [
      {
        "id": 1,
        "name": "CoCoSo",
        "functionName": "cocoso_normalization",
        "extensions": ["fuzzy"],
        "hints": ""
      },
      {
        "id": 2,
        "name": "Enhanced accuracy",
        "functionName": "enhanced_accuracy_normalization",
        "extensions": ["crisp"],
        "hints": ""
      },
      {
        "id": 3,
        "name": "Logarithmic",
        "functionName": "logarithmic_normalization",
        "extensions": ["crisp"],
        "hints": ""
      },
      {
        "id": 4,
        "name": "Linear",
        "functionName": "linear_normalization",
        "extensions": ["crisp", "fuzzy"],
        "hints": ""
      },
      {
        "id": 5,
        "name": "Max",
        "functionName": "max_normalization",
        "extensions": ["crisp", "fuzzy"],
        "hints": ""
      },
      {
        "id": 6,
        "name": "Min-max",
        "functionName": "minmax_normalization",
        "extensions": ["crisp", "fuzzy"],
        "hints": ""
      },
      {
        "id": 7,
        "name": "Nonlinear",
        "functionName": "nonlinear_normalization",
        "extensions": ["crisp"],
        "hints": ""
      },
      {
        "id": 8,
        "name": "SAW",
        "functionName": "saw_normalization",
        "extensions": ["fuzzy"],
        "hints": ""
      },
      {
        "id": 9,
        "name": "Sum",
        "functionName": "sum_normalization",
        "extensions": ["crisp", "fuzzy"],
        "hints": ""
      },
      {
        "id": 10,
        "name": "Square root",
        "functionName": "sqrt_normalization",
        "extensions": ["fuzzy"],
        "hints": ""
      },
      {
        "id": 11,
        "name": "Vector",
        "functionName": "vector_normalization",
        "extensions": ["crisp", "fuzzy"],
        "hints": ""
      },
      {
        "id": 12,
        "name": "WASPAS",
        "functionName": "waspas_normalization",
        "extensions": ["fuzzy"],
        "hints": ""
      },
      {
        "id": 13,
        "name": "Zavadskas-Turskis",
        "functionName": "zavadskas_turskis_normalization",
        "extensions": ["crisp"],
        "hints": ""
      }
    ]
  },
  {
    "id": 5,
    "key": "Distance",
    "label": "Dystans",
    "function": "additional",
    "type": "distance",
    "data": [
      {
        "id": 1,
        "name": "Canberra",
        "functionName": "canberra_distance",
        "extensions": ["fuzzy"],
        "hints": ""
      },
      {
        "id": 2,
        "name": "Chebyshev",
        "functionName": "chebyshev_distance",
        "extensions": ["fuzzy"],
        "hints": ""
      },
      {
        "id": 3,
        "name": "Euclidean",
        "functionName": "euclidean_distance",
        "extensions": ["fuzzy"],
        "hints": ""
      },
      {
        "id": 4,
        "name": "Hamming",
        "functionName": "hamming_distance",
        "extensions": ["fuzzy"],
        "hints": ""
      },
      {
        "id": 5,
        "name": "L-R",
        "functionName": "lr_distance",
        "extensions": ["fuzzy"],
        "hints": ""
      },
      {
        "id": 6,
        "name": "Mahdavi",
        "functionName": "mahdavi_distance",
        "extensions": ["fuzzy"],
        "hints": ""
      },
      {
        "id": 7,
        "name": "Tran-Duckstein",
        "functionName": "tran_duckstein_distance",
        "extensions": ["fuzzy"],
        "hints": ""
      },
      {
        "id": 8,
        "name": "Vertex",
        "functionName": "vertex_distance",
        "extensions": ["fuzzy"],
        "hints": ""
      },
      {
        "id": 9,
        "name": "Weighted Euclidean",
        "functionName": "weighted_euclidean_distance",
        "extensions": ["fuzzy"],
        "hints": ""
      },
      {
        "id": 10,
        "name": "Weighted Hamming",
        "functionName": "weighted_hamming_distance",
        "extensions": ["fuzzy"],
        "hints": ""
      }
    ]
  },
  {
    "id": 6,
    "key": "Defuzzification",
    "label": "Defuzyfikacja",
    "function": "additional",
    "type": "defuzzification",
    "data": [
      {
        "id": 1,
        "name": "Bisector",
        "functionName": "bisector_defuzzification",
        "extensions": ["fuzzy"],
        "hints": ""
      },
      {
        "id": 2,
        "name": "Graded mean average",
        "functionName": "graded_mean_average_defuzzification",
        "extensions": ["fuzzy"],
        "hints": ""
      },
      {
        "id": 3,
        "name": "Height",
        "functionName": "height_defuzzification",
        "extensions": ["fuzzy"],
        "hints": ""
      },
      {
        "id": 4,
        "name": "Largest of Maximum",
        "functionName": "lom_defuzzification",
        "extensions": ["fuzzy"],
        "hints": ""
      },
      {
        "id": 5,
        "name": "Mean",
        "functionName": "mean_defuzzification",
        "extensions": ["fuzzy"],
        "hints": ""
      },
      {
        "id": 6,
        "name": "Mean area",
        "functionName": "mean_area_defuzzification",
        "extensions": ["fuzzy"],
        "hints": ""
      },
      {
        "id": 7,
        "name": "Smallest of Minimum",
        "functionName": "som_defuzzification",
        "extensions": ["fuzzy"],
        "hints": ""
      },
      {
        "id": 8,
        "name": "Weighted mean",
        "functionName": "weighted_mean_defuzzification",
        "extensions": ["fuzzy"],
        "hints": ""
      }
    ]
  },
  {
    "id": 7,
    "key": "Preference function",
    "label": "Funkcja preferencji",
    "function": "additional",
    "type": "preference_function",
    "data": [
      {
        "id": 1,
        "name": "Usual",
        "functionName": "usual",
        "extensions": ["crisp"],
        "hints": ""
      },
      {
        "id": 2,
        "name": "Ushape",
        "functionName": "ushape",
        "extensions": ["crisp"],
        "hints": ""
      },
      {
        "id": 3,
        "name": "Vshape",
        "functionName": "vshape",
        "extensions": ["crisp"],
        "hints": ""
      },
      {
        "id": 4,
        "name": "Level",
        "functionName": "level",
        "extensions": ["crisp"],
        "hints": ""
      },
      {
        "id": 4,
        "name": "Vshape 2",
        "functionName": "vshape_2",
        "extensions": ["crisp"],
        "hints": ""
      }
    ]
  },
  {
    "id": 8,
    "key": "Ranking",
    "label": "Ranking",
    "function": "primary",
    "type": "ranking",
    "data": [
      {
        "id": 1,
        "name": "Input",
        "extensions": ["crisp"],
        "inputConnections": [],
        "outputConnections": ["visualization"],
        "hints": "Ranking pozycyjny od użytkownika"
      },
      {
        "id": 2,
        "name": "Rank",
        "extensions": ["crisp", "fuzzy"],
        "inputConnections": ["method"],
        "outputConnections": ["visualization"],
        "hints": "Oblicza ranking pozycyjny z preferencji"
      }
    ]
  },
  {
    "id": 9,
    "key": "Correlation",
    "label": "Korelacja",
    "function": "primary",
    "type": "correlation",
    "inputConnections": ["weights", "ranking", "method"],
    "outputConnections": ["visualization"],
    "data": [
      {
        "id": 1,
        "name": "Drastic",
        "extensions": ["crisp"],
        "inputConnections": ["ranking"],
        "outputConnections": ["visualization"],
        "hints": "Korelacja rankingów z metod MCDA"
      },
      {
        "id": 2,
        "name": "Goodman-Kruskall",
        "extensions": ["crisp"],
        "inputConnections": ["ranking"],
        "outputConnections": ["visualization"],
        "hints": "Korelacja rankingów z metod MCDA"
      },
      {
        "id": 3,
        "name": "Kendall-Tau",
        "extensions": ["crisp"],
        "inputConnections": ["ranking"],
        "outputConnections": ["visualization"],
        "hints": "Korelacja rankingów z metod MCDA"
      },
      {
        "id": 4,
        "name": "Pearson",
        "extensions": ["crisp"],
        "inputConnections": ["weights", "method"],
        "outputConnections": ["visualization"],
        "hints": "Korelacja wartości dwóch wektorów"
      },
      {
        "id": 5,
        "name": "Spearman",
        "extensions": ["crisp"],
        "inputConnections": ["ranking"],
        "outputConnections": ["visualization"],
        "hints": "Korelacja wyników metod MCDA"
      },
      {
        "id": 6,
        "name": "Weighted Spearman",
        "extensions": ["crisp"],
        "inputConnections": ["ranking"],
        "outputConnections": ["visualization"],
        "hints": "Korelacja rankingów z metod MCDA"
      },
      {
        "id": 7,
        "name": "WS rank",
        "extensions": ["crisp"],
        "inputConnections": ["ranking"],
        "outputConnections": ["visualization"],
        "hints": "Korelacja rankingów z metod MCDA dla współczynnika WS"
      },
      {
        "id": 8,
        "name": "Weights similarity",
        "extensions": ["crisp"],
        "inputConnections": ["weights"],
        "outputConnections": ["visualization"],
        "hints": "Korelacja wektorów wag kryteriów"
      },
      {
        "id": 9,
        "name": "Weights similarity 2",
        "extensions": ["crisp"],
        "inputConnections": ["weights"],
        "outputConnections": ["visualization"],
        "hints": "Korelacja wektorów wag kryteriów"
      }
    ]
  },
  {
    "id": 10,
    "key": "Visualization",
    "label": "Wizualizacja",
    "function": "primary",
    "type": "visualization",
    "data": [
      {
        "id": 1,
        "name": "Weights distribution",
        "extensions": ["crisp"],
        "inputConnections": ["weights"],
        "outputConnections": [],
        "hints": "Rozkład wartości wag kryteriów dla podanych metod ważenia"
      },
      {
        "id": 2,
        "name": "Polar weights",
        "extensions": ["crisp"],
        "inputConnections": ["weights"],
        "outputConnections": [],
        "hints": "Wykres kołowy z dystrybucją wartości wag dla podanych metod ważenia"
      },
      {
        "id": 3,
        "name": "Ranking bar",
        "extensions": ["crisp"],
        "inputConnections": ["ranking"],
        "outputConnections": [],
        "hints": "Wykres słupkowy z pozycjami wariantów decyzyjnych dla podanych metod MCDA"
      },
      {
        "id": 4,
        "name": "Ranking flow",
        "extensions": ["crisp"],
        "inputConnections": ["ranking"],
        "outputConnections": [],
        "hints": "Wykres punktowy z pozycjami wariantów decyzyjnych dla podanych metod MCDA"
      },
      {
        "id": 5,
        "name": "Polar ranking",
        "extensions": ["crisp"],
        "inputConnections": ["ranking"],
        "outputConnections": [],
        "hints": "Wykres kołowy z pozycjami wariantów decyzyjnych dla podanych metod MCDA"
      },
      {
        "id": 6,
        "name": "Scatter ranking",
        "extensions": ["crisp"],
        "inputConnections": ["ranking"],
        "outputConnections": [],
        "hints": "Wykres punktowy z porównaniem pozycji wariantów decyzyjnych dla dwóch podanych metod MCDA"
      },
      {
        "id": 7,
        "name": "Correlation heatmap",
        "extensions": ["crisp"],
        "inputConnections": ["correlation"],
        "outputConnections": [],
        "hints": "Mapa z wartością korelacji dla podanych metod"
      },
      {
        "id": 8,
        "name": "Correlation flow",
        "extensions": ["crisp"],
        "inputConnections": ["correlation"],
        "outputConnections": [],
        "hints": "Wykres punktowy z korelacją rankingów dla podanych metod"
      }
    ]
  },
  {
    "id": 11,
    "key": "Expert function",
    "label": "Funkcja ekspercka",
    "function": "additional",
    "type": "expert_function",
    "data": [
      {
        "id": 1,
        "name": "Method expert",
        "functionName": "method_expert",
        "extensions": ["crisp"],
        "inputConnections": [],
        "outputConnections": [],
        "hints": "Metoda MCDA w roli eksperta ocenia obiekty charakterystyczne na podstawie wag i typów kryteriów"
      },
      {
        "id": 2,
        "name": "ESP expert",
        "functionName": "esp_expert",
        "extensions": ["crisp"],
        "inputConnections": [],
        "outputConnections": [],
        "hints": "Inteligentny ekspert ocenia obiekty charakterystyczne na podstawie wskazanych oczekiwanych rozwiązań"
      },
      {
        "id": 3,
        "name": "Compromise expert",
        "functionName": "compromise_expert",
        "extensions": ["crisp"],
        "inputConnections": [],
        "outputConnections": [],
        "hints": "Funkcja ekspercka ocenia obiekty charakterystyczne w celu uzyskania kompromisu z różnych preferencji"
      }
    ]
  }
]
