[
  {
    "id": 1,
    "key": "Decision matrix",
    "label": "Decision matrix",
    "function": "primary",
    "type": "matrix",
    "data": [
      {
        "id": 1,
        "name": "File",
        "extensions": ["crisp", "fuzzy"],
        "hints": "Decision matrix and criteria types loaded from a file",
        "inputConnections": [],
        "outputConnections": ["weights"]
      },
      {
        "id": 2,
        "name": "Input",
        "extensions": ["crisp", "fuzzy"],
        "hints": "Decision matrix and types of criteria provided by the user",
        "inputConnections": [],
        "outputConnections": ["weights"]
      },
      {
        "id": 3,
        "name": "Random",
        "extensions": ["crisp", "fuzzy"],
        "hints": "Decision matrix and randomly generated criteria types",
        "inputConnections": [],
        "outputConnections": ["weights"]
      }
    ]
  },
  {
    "id": 2,
    "key": "Weights",
    "label": "Weights",
    "function": "primary",
    "type": "weights",
    "data": [
      {
        "id": 1,
        "name": "Angle",
        "extensions": ["crisp"],
        "hints": "Criteria weights calculated from the decision matrix",
        "inputConnections": ["matrix"],
        "outputConnections": ["method"]
      },
      {
        "id": 2,
        "name": "CILOS",
        "extensions": ["crisp"],
        "hints": "Criteria weights calculated from the decision matrix. Uses criteria types",
        "inputConnections": ["matrix"],
        "outputConnections": ["method"]
      },
      {
        "id": 3,
        "name": "CRITIC",
        "extensions": ["crisp"],
        "hints": "Criteria weights calculated from the decision matrix",
        "inputConnections": ["matrix"],
        "outputConnections": ["method"]
      },
      {
        "id": 4,
        "name": "Entropy",
        "extensions": ["crisp", "fuzzy"],
        "hints": "Criteria weights calculated from the decision matrix",
        "inputConnections": ["matrix"],
        "outputConnections": ["method"]
      },
      {
        "id": 5,
        "name": "Equal",
        "extensions": ["crisp", "fuzzy"],
        "hints": "Criteria weights calculated from the decision matrix",
        "inputConnections": ["matrix"],
        "outputConnections": ["method"]
      },
      {
        "id": 6,
        "name": "Gini",
        "extensions": ["crisp"],
        "hints": "Criteria weights calculated from the decision matrix",
        "inputConnections": ["matrix"],
        "outputConnections": ["method"]
      },
      {
        "id": 7,
        "name": "IDOCRIW",
        "extensions": ["crisp"],
        "hints": "Criteria weights calculated from the decision matrix. Uses criteria types",
        "inputConnections": ["matrix"],
        "outputConnections": ["method"]
      },
      {
        "id": 8,
        "name": "Input",
        "extensions": ["crisp", "fuzzy"],
        "hints": "User-entered criteria weights",
        "inputConnections": ["matrix"],
        "outputConnections": ["method"]
      },
      {
        "id": 9,
        "name": "MEREC",
        "extensions": ["crisp"],
        "hints": "Criteria weights calculated from the decision matrix. Uses criteria types",
        "inputConnections": ["matrix"],
        "outputConnections": ["method"]
      },
      {
        "id": 10,
        "name": "Standard deviation",
        "extensions": ["crisp", "fuzzy"],
        "hints": "Criteria weights calculated from the decision matrix",
        "inputConnections": ["matrix"],
        "outputConnections": ["method"]
      },
      {
        "id": 11,
        "name": "Variance",
        "extensions": ["crisp", "fuzzy"],
        "hints": "Criteria weights calculated from the decision matrix",
        "inputConnections": ["matrix"],
        "outputConnections": ["method"]
      }
    ]
  },
  {
    "id": 3,
    "key": "Methods",
    "label": "Methods",
    "function": "primary",
    "type": "method",
    "data": [
      {
        "id": 1,
        "name": "ARAS",
        "abbreviation": "Additive Ratio Assessment",
        "extensions": ["crisp", "fuzzy"],
        "order": "descending",
        "kwargs": [
          {
            "extension": "crisp",
            "data": [
              {
                "id": 1,
                "method": "normalization",
                "parameter": "normalization_function",
                "default": "sum_normalization",
                "type": "select"
              }
            ]
          },
          {
            "extension": "fuzzy",
            "data": [
              {
                "id": 1,
                "method": "normalization",
                "parameter": "normalization",
                "default": "sum_normalization",
                "type": "select"
              }
            ]
          }
        ],
        "inputConnections": ["weights"],
        "outputConnections": ["visualization", "ranking", "correlation"],
        "hints": ""
      },
      {
        "id": 2,
        "name": "COCOSO",
        "abbreviation": "Combined Compromise Solution",
        "extensions": ["crisp"],
        "order": "descending",
        "kwargs": [
          {
            "extension": "crisp",
            "data": [
              {
                "id": 1,
                "method": "normalization",
                "parameter": "normalization_function",
                "default": "minmax_normalization",
                "type": "select"
              }
            ]
          }
        ],
        "inputConnections": ["weights"],
        "outputConnections": ["visualization", "ranking", "correlation"],
        "hints": ""
      },
      {
        "id": 3,
        "name": "CODAS",
        "abbreviation": "Combinative Distance-based Assessment",
        "extensions": ["crisp", "fuzzy"],
        "order": "descending",
        "kwargs": [
          {
            "extension": "crisp",
            "data": [
              {
                "id": 1,
                "method": "normalization",
                "parameter": "normalization_function",
                "default": "linear_normalization",
                "type": "select"
              }
            ]
          },
          {
            "extension": "fuzzy",
            "data": [
              {
                "id": 1,
                "method": "normalization",
                "parameter": "normalization",
                "default": "max_normalization",
                "type": "select"
              },
              {
                "id": 2,
                "method": "distance",
                "parameter": "distance_1",
                "default": "euclidean_distance",
                "type": "select"
              },
              {
                "id": 3,
                "method": "distance",
                "parameter": "distance_2",
                "default": "hamming_distance",
                "type": "select"
              }
            ]
          }
        ],
        "inputConnections": ["weights"],
        "outputConnections": ["visualization", "ranking", "correlation"],
        "hints": ""
      },
      {
        "id": 4,
        "name": "COMET",
        "abbreviation": "Characteristic Objects Method",
        "extensions": ["crisp"],
        "order": "descending",
        "kwargs": [
          {
            "extension": "crisp",
            "data": [
              {
                "id": 1,
                "method": "expert function",
                "parameter": "expert_function",
                "default": "method_expert",
                "type": "select"
              },
              {
                "id": 2,
                "method": "expected solution points",
                "parameter": "esp",
                "default": "",
                "type": "array",
                "dimension": 1,
                "required": false
              }
            ]
          }
        ],
        "inputConnections": ["weights"],
        "outputConnections": ["visualization", "ranking", "correlation"],
        "hints": ""
      },
      {
        "id": 5,
        "name": "COPRAS",
        "abbreviation": "Complex Proportional Assessment",
        "extensions": ["crisp", "fuzzy"],
        "order": "descending",
        "kwargs": [
          {
            "extension": "fuzzy",
            "data": [
              {
                "id": 1,
                "method": "normalization",
                "parameter": "normalization",
                "default": "saw_normalization",
                "type": "select"
              }
            ]
          }
        ],
        "inputConnections": ["weights"],
        "outputConnections": ["visualization", "ranking", "correlation"],
        "hints": "Requires different types of criteria"
      },
      {
        "id": 6,
        "name": "EDAS",
        "abbreviation": "Evaluation based on Distance from Average Solution",
        "extensions": ["crisp", "fuzzy"],
        "order": "descending",
        "kwargs": [
          {
            "extension": "fuzzy",
            "data": [
              {
                "id": 1,
                "method": "defuzzification",
                "parameter": "defuzzify",
                "default": "mean_defuzzification",
                "type": "select"
              }
            ]
          }
        ],
        "inputConnections": ["weights"],
        "outputConnections": ["visualization", "ranking", "correlation"],
        "hints": ""
      },
      {
        "id": 7,
        "name": "ERVD",
        "abbreviation": "Election based on Relative Value Distances method",
        "extensions": ["crisp"],
        "order": "descending",
        "kwargs": [
          {
            "extension": "crisp",
            "data": [
              {
                "id": 1,
                "method": "lambda",
                "parameter": "lam",
                "default": "2.25",
                "type": "input",
                "min": 0.1
              },
              {
                "id": 2,
                "method": "alpha",
                "parameter": "alpha",
                "default": "0.88",
                "type": "input",
                "min": 0.1
              },
              {
                "id": 3,
                "method": "reference points",
                "parameter": "ref_point",
                "default": "",
                "type": "array",
                "dimension": 1,
                "required": false
              }
            ]
          }
        ],
        "inputConnections": ["weights"],
        "outputConnections": ["visualization", "ranking", "correlation"],
        "hints": ""
      },
      {
        "id": 8,
        "name": "INPUT",
        "abbreviation": "",
        "extensions": ["crisp"],
        "order": "descending",
        "kwargs": [],
        "inputConnections": [],
        "outputConnections": ["visualization", "ranking", "correlation"],
        "hints": "Preference given from user"
      },
      {
        "id": 9,
        "name": "MABAC",
        "abbreviation": "Multi-Attributive Border Approximation area Comparison",
        "extensions": ["crisp", "fuzzy"],
        "order": "descending",
        "kwargs": [
          {
            "extension": "crisp",
            "data": [
              {
                "id": 1,
                "method": "normalization",
                "parameter": "normalization_function",
                "default": "minmax_normalization",
                "type": "select"
              }
            ]
          },
          {
            "extension": "fuzzy",
            "data": [
              {
                "id": 1,
                "method": "normalization",
                "parameter": "normalization",
                "default": "minmax_normalization",
                "type": "select"
              },
              {
                "id": 2,
                "method": "defuzzification",
                "parameter": "defuzzify",
                "default": "mean_defuzzification",
                "type": "select"
              }
            ]
          }
        ],
        "inputConnections": ["weights"],
        "outputConnections": ["visualization", "ranking", "correlation"],
        "hints": ""
      },
      {
        "id": 10,
        "name": "MAIRCA",
        "abbreviation": "Multi-Attributive Ideal-Real Comparative Analysis",
        "extensions": ["crisp", "fuzzy"],
        "order": "descending",
        "kwargs": [
          {
            "extension": "crisp",
            "data": [
              {
                "id": 1,
                "method": "normalization",
                "parameter": "normalization_function",
                "default": "minmax_normalization",
                "type": "select"
              }
            ]
          },
          {
            "extension": "fuzzy",
            "data": [
              {
                "id": 1,
                "method": "normalization",
                "parameter": "normalization",
                "default": "vector_normalization",
                "type": "select"
              },
              {
                "id": 2,
                "method": "distance",
                "parameter": "distance",
                "default": "vertex_distance",
                "type": "select"
              }
            ]
          }
        ],
        "inputConnections": ["weights"],
        "outputConnections": ["visualization", "ranking", "correlation"],
        "hints": ""
      },
      {
        "id": 11,
        "name": "MARCOS",
        "abbreviation": "Measurement Alternatives and Ranking according to COmpromise Solution",
        "extensions": ["crisp"],
        "order": "descending",
        "kwargs": [
          {
            "extension": "crisp",
            "data": [
              {
                "id": 1,
                "method": "normalization",
                "parameter": "normalization_function",
                "default": "sum_normalization",
                "type": "select"
              }
            ]
          }
        ],
        "inputConnections": ["weights"],
        "outputConnections": ["visualization", "ranking", "correlation"],
        "hints": ""
      },
      {
        "id": 12,
        "name": "MOORA",
        "abbreviation": "Multi-Objective Optimization Method by Ratio Analysis",
        "extensions": ["crisp", "fuzzy"],
        "order": "descending",
        "kwargs": [
          {
            "extension": "fuzzy",
            "data": [
              {
                "id": 1,
                "method": "normalization",
                "parameter": "normalization",
                "default": "vector_normalization",
                "type": "select"
              }
            ]
          }
        ],
        "inputConnections": ["weights"],
        "outputConnections": ["visualization", "ranking", "correlation"],
        "hints": ""
      },
      {
        "id": 13,
        "name": "OCRA",
        "abbreviation": "Operational Competitiveness Ratings",
        "extensions": ["crisp", "fuzzy"],
        "order": "descending",
        "kwargs": [
          {
            "extension": "crisp",
            "data": [
              {
                "id": 1,
                "method": "normalization",
                "parameter": "normalization_function",
                "default": "sum_normalization",
                "type": "select"
              }
            ]
          },
          {
            "extension": "fuzzy",
            "data": [
              {
                "id": 1,
                "method": "defuzzification",
                "parameter": "defuzzify",
                "default": "mean_defuzzification",
                "type": "select"
              }
            ]
          }
        ],
        "inputConnections": ["weights"],
        "outputConnections": ["visualization", "ranking", "correlation"],
        "hints": ""
      },
      {
        "id": 14,
        "name": "PROBID",
        "abbreviation": "Preference Ranking on the Basis of Ideal-Average Distance Method",
        "extensions": ["crisp"],
        "order": "descending",
        "kwargs": [
          {
            "extension": "crisp",
            "data": [
              {
                "id": 1,
                "method": "short PROBID",
                "parameter": "sPROBID",
                "default": "false",
                "type": "bool"
              }
            ]
          }
        ],
        "inputConnections": ["weights"],
        "outputConnections": ["visualization", "ranking", "correlation"],
        "hints": ""
      },
      {
        "id": 15,
        "name": "PROMETHEE",
        "abbreviation": "Preference Ranking Organization METHod for Enrichment of Evaluations",
        "extensions": ["crisp"],
        "order": "descending",
        "kwargs": [
          {
            "extension": "crisp",
            "data": [
              {
                "id": 1,
                "method": "preference function",
                "parameter": "preference_function",
                "default": "usual",
                "type": "select"
              },
              {
                "id": 2,
                "method": "p",
                "parameter": "p",
                "default": "",
                "type": "array",
                "min": 0.1,
                "dimension": 1,
                "required": false
              },
              {
                "id": 3,
                "method": "q",
                "parameter": "q",
                "default": "",
                "type": "array",
                "min": 0.1,
                "dimension": 1,
                "required": false
              }
            ]
          }
        ],
        "inputConnections": ["weights"],
        "outputConnections": ["visualization", "ranking", "correlation"],
        "hints": ""
      },
      {
        "id": 16,
        "name": "RIM",
        "abbreviation": "Reference Ideal Method",
        "extensions": ["crisp"],
        "order": "descending",
        "kwargs": [
          {
            "extension": "crisp",
            "data": [
              {
                "id": 1,
                "method": "bounds",
                "parameter": "bounds",
                "default": "",
                "type": "array",
                "dimension": 2,
                "required": true
              },
              {
                "id": 2,
                "method": "reference ideal",
                "parameter": "ref_ideal",
                "default": "",
                "type": "array",
                "dimension": 1,
                "required": false
              }
            ]
          }
        ],
        "inputConnections": ["weights"],
        "outputConnections": ["visualization", "ranking", "correlation"],
        "hints": ""
      },
      {
        "id": 17,
        "name": "SPOTIS",
        "abbreviation": "Stable Preference Ordering Towards Ideal Solution",
        "extensions": ["crisp"],
        "order": "descending",
        "kwargs": [
          {
            "extension": "crisp",
            "data": [
              {
                "id": 1,
                "method": "bounds",
                "parameter": "bounds",
                "default": "",
                "type": "array",
                "dimension": 2,
                "required": true
              },
              {
                "id": 2,
                "method": "expected solution points",
                "parameter": "esp",
                "default": "",
                "type": "array",
                "dimension": 1,
                "required": false
              }
            ]
          }
        ],
        "inputConnections": ["weights"],
        "outputConnections": ["visualization", "ranking", "correlation"],
        "hints": ""
      },
      {
        "id": 18,
        "name": "TOPSIS",
        "abbreviation": "Technique for the Order of Prioritisation by Similarity to Ideal Solution",
        "extensions": ["crisp", "fuzzy"],
        "order": "descending",
        "kwargs": [
          {
            "extension": "crisp",
            "data": [
              {
                "id": 1,
                "method": "normalization",
                "parameter": "normalization_function",
                "default": "minmax_normalization",
                "type": "select"
              }
            ]
          },
          {
            "extension": "fuzzy",
            "data": [
              {
                "id": 1,
                "method": "normalization",
                "parameter": "normalization",
                "default": "linear_normalization",
                "type": "select"
              },
              {
                "id": 2,
                "method": "distance",
                "parameter": "distance",
                "default": "vertex_distance",
                "type": "select"
              }
            ]
          }
        ],
        "inputConnections": ["weights"],
        "outputConnections": ["visualization", "ranking", "correlation"],
        "hints": ""
      },
      {
        "id": 19,
        "name": "VIKOR",
        "abbreviation": "VIseKriterijumska Optimizacija I Kompromisno Resenje",
        "extensions": ["crisp", "fuzzy"],
        "order": "ascending",
        "kwargs": [
          {
            "extension": "crisp",
            "data": [
              {
                "id": 1,
                "method": "normalization",
                "parameter": "normalization_function",
                "default": "sum_normalization",
                "type": "select"
              },
              {
                "id": 2,
                "method": "v",
                "parameter": "v",
                "default": "0.5",
                "type": "input",
                "min": 0,
                "max": 1
              }
            ]
          },
          {
            "extension": "fuzzy",
            "data": [
              {
                "id": 1,
                "method": "defuzzification",
                "parameter": "defuzzify",
                "default": "mean_area_defuzzification",
                "type": "select"
              },
              {
                "id": 2,
                "method": "v",
                "parameter": "v",
                "default": "0.5",
                "type": "input",
                "min": 0,
                "max": 1
              }
            ]
          }
        ],
        "inputConnections": ["weights"],
        "outputConnections": ["visualization", "ranking", "correlation"],
        "hints": "Returns result for the 'Q' approach"
      },
      {
        "id": 20,
        "name": "WASPAS",
        "abbreviation": "Weighted Aggregated Sum Product ASSessment",
        "extensions": ["crisp"],
        "order": "descending",
        "kwargs": [
          {
            "extension": "crisp",
            "data": [
              {
                "id": 1,
                "method": "normalization",
                "parameter": "normalization_function",
                "default": "linear_normalization",
                "type": "select"
              }
            ]
          }
        ],
        "inputConnections": ["weights"],
        "outputConnections": ["visualization", "ranking", "correlation"],
        "hints": ""
      },
      {
        "id": 21,
        "name": "WPM",
        "abbreviation": "Weighted Product Model",
        "extensions": ["crisp"],
        "order": "descending",
        "kwargs": [
          {
            "extension": "crisp",
            "data": [
              {
                "id": 1,
                "method": "normalization",
                "parameter": "normalization_function",
                "default": "sum_normalization",
                "type": "select"
              }
            ]
          }
        ],
        "inputConnections": ["weights"],
        "outputConnections": ["visualization", "ranking", "correlation"],
        "hints": ""
      },
      {
        "id": 22,
        "name": "WSM",
        "abbreviation": "Weighted Sum Model",
        "extensions": ["crisp"],
        "order": "descending",
        "kwargs": [
          {
            "extension": "crisp",
            "data": [
              {
                "id": 1,
                "method": "normalization",
                "parameter": "normalization_function",
                "default": "sum_normalization",
                "type": "select"
              }
            ]
          }
        ],
        "inputConnections": ["weights"],
        "outputConnections": ["visualization", "ranking", "correlation"],
        "hints": ""
      }
    ]
  },
  {
    "id": 4,
    "key": "Normalization",
    "label": "Normalization",
    "function": "additional",
    "type": "normalization",
    "data": [
      {
        "id": 1,
        "name": "Enhanced accuracy",
        "functionName": "enhanced_accuracy_normalization",
        "extensions": ["crisp"],
        "hints": ""
      },
      {
        "id": 2,
        "name": "Logarithmic",
        "functionName": "logarithmic_normalization",
        "extensions": ["crisp"],
        "hints": ""
      },
      {
        "id": 3,
        "name": "Linear",
        "functionName": "linear_normalization",
        "extensions": ["crisp", "fuzzy"],
        "hints": ""
      },
      {
        "id": 4,
        "name": "Max",
        "functionName": "max_normalization",
        "extensions": ["crisp", "fuzzy"],
        "hints": ""
      },
      {
        "id": 5,
        "name": "Min-max",
        "functionName": "minmax_normalization",
        "extensions": ["crisp", "fuzzy"],
        "hints": ""
      },
      {
        "id": 6,
        "name": "Nonlinear",
        "functionName": "nonlinear_normalization",
        "extensions": ["crisp"],
        "hints": ""
      },
      {
        "id": 7,
        "name": "SAW",
        "functionName": "saw_normalization",
        "extensions": ["fuzzy"],
        "hints": ""
      },
      {
        "id": 8,
        "name": "Sum",
        "functionName": "sum_normalization",
        "extensions": ["crisp", "fuzzy"],
        "hints": ""
      },
      {
        "id": 9,
        "name": "Vector",
        "functionName": "vector_normalization",
        "extensions": ["crisp", "fuzzy"],
        "hints": ""
      },
      {
        "id": 10,
        "name": "Zavadskas-Turskis",
        "functionName": "zavadskas_turskis_normalization",
        "extensions": ["crisp"],
        "hints": ""
      }
    ]
  },
  {
    "id": 5,
    "key": "Distance",
    "label": "Distance",
    "function": "additional",
    "type": "distance",
    "data": [
      {
        "id": 1,
        "name": "Euclidean",
        "functionName": "euclidean_distance",
        "extensions": ["fuzzy"],
        "hints": ""
      },
      {
        "id": 2,
        "name": "Hamming",
        "functionName": "hamming_distance",
        "extensions": ["fuzzy"],
        "hints": ""
      },
      {
        "id": 3,
        "name": "L-R",
        "functionName": "lr_distance",
        "extensions": ["fuzzy"],
        "hints": ""
      },
      {
        "id": 4,
        "name": "Mahdavi",
        "functionName": "mahdavi_distance",
        "extensions": ["fuzzy"],
        "hints": ""
      },
      {
        "id": 5,
        "name": "Tran-Duckstein",
        "functionName": "tran_duckstein_distance",
        "extensions": ["fuzzy"],
        "hints": ""
      },
      {
        "id": 6,
        "name": "Vertex",
        "functionName": "vertex_distance",
        "extensions": ["fuzzy"],
        "hints": ""
      },
      {
        "id": 7,
        "name": "Weighted Euclidean",
        "functionName": "weighted_euclidean_distance",
        "extensions": ["fuzzy"],
        "hints": ""
      },
      {
        "id": 8,
        "name": "Weighted Hamming",
        "functionName": "weighted_hamming_distance",
        "extensions": ["fuzzy"],
        "hints": ""
      }
    ]
  },
  {
    "id": 6,
    "key": "Defuzzification",
    "label": "Defuzzification",
    "function": "additional",
    "type": "defuzzification",
    "data": [
      {
        "id": 1,
        "name": "Graded mean average",
        "functionName": "graded_mean_average_defuzzification",
        "extensions": ["fuzzy"],
        "hints": ""
      },
      {
        "id": 2,
        "name": "Mean",
        "functionName": "mean_defuzzification",
        "extensions": ["fuzzy"],
        "hints": ""
      },
      {
        "id": 3,
        "name": "Mean area",
        "functionName": "mean_area_defuzzification",
        "extensions": ["fuzzy"],
        "hints": ""
      },
      {
        "id": 4,
        "name": "Weighted mean",
        "functionName": "weighted_mean_defuzzification",
        "extensions": ["fuzzy"],
        "hints": ""
      }
    ]
  },
  {
    "id": 7,
    "key": "Preference function",
    "label": "Preference function",
    "function": "additional",
    "type": "preference_function",
    "data": [
      {
        "id": 1,
        "name": "Usual",
        "functionName": "usual",
        "extensions": ["crisp"],
        "hints": ""
      },
      {
        "id": 2,
        "name": "Ushape",
        "functionName": "ushape",
        "extensions": ["crisp"],
        "hints": ""
      },
      {
        "id": 3,
        "name": "Vshape",
        "functionName": "vshape",
        "extensions": ["crisp"],
        "hints": ""
      },
      {
        "id": 4,
        "name": "Level",
        "functionName": "level",
        "extensions": ["crisp"],
        "hints": ""
      },
      {
        "id": 4,
        "name": "Vshape 2",
        "functionName": "vshape_2",
        "extensions": ["crisp"],
        "hints": ""
      }
    ]
  },
  {
    "id": 8,
    "key": "Ranking",
    "label": "Ranking",
    "function": "primary",
    "type": "ranking",
    "data": [
      {
        "id": 1,
        "name": "Input",
        "extensions": ["crisp"],
        "inputConnections": [],
        "outputConnections": ["visualization"],
        "hints": "Positional ranking from user"
      },
      {
        "id": 2,
        "name": "Rank",
        "extensions": ["crisp", "fuzzy"],
        "inputConnections": ["method"],
        "outputConnections": ["visualization"],
        "hints": "Calculates positional ranking from preferences"
      }
    ]
  },
  {
    "id": 9,
    "key": "Correlation",
    "label": "Correlation",
    "function": "primary",
    "type": "correlation",
    "inputConnections": ["weights", "ranking", "method"],
    "outputConnections": ["visualization"],
    "data": [
      {
        "id": 1,
        "name": "Drastic",
        "extensions": ["crisp"],
        "inputConnections": ["ranking"],
        "outputConnections": ["visualization"],
        "hints": "Correlation of rankings from MCDA methods"
      },
      {
        "id": 2,
        "name": "Goodman-Kruskall",
        "extensions": ["crisp"],
        "inputConnections": ["ranking"],
        "outputConnections": ["visualization"],
        "hints": "Correlation of rankings from MCDA methods"
      },
      {
        "id": 3,
        "name": "Kendall-Tau",
        "extensions": ["crisp"],
        "inputConnections": ["ranking"],
        "outputConnections": ["visualization"],
        "hints": "Correlation of rankings from MCDA methods"
      },
      {
        "id": 4,
        "name": "Pearson",
        "extensions": ["crisp"],
        "inputConnections": ["weights", "method"],
        "outputConnections": ["visualization"],
        "hints": "Correlation values of two vectors"
      },
      {
        "id": 5,
        "name": "Spearman",
        "extensions": ["crisp"],
        "inputConnections": ["ranking"],
        "outputConnections": ["visualization"],
        "hints": "Correlation of values of MCDA results"
      },
      {
        "id": 6,
        "name": "Weighted Spearman",
        "extensions": ["crisp"],
        "inputConnections": ["ranking"],
        "outputConnections": ["visualization"],
        "hints": "Correlation of rankings from MCDA methods"
      },
      {
        "id": 7,
        "name": "WS rank",
        "extensions": ["crisp"],
        "inputConnections": ["ranking"],
        "outputConnections": ["visualization"],
        "hints": "Correlation of rankings from MCDA methods"
      },
      {
        "id": 8,
        "name": "Weights similarity",
        "extensions": ["crisp"],
        "inputConnections": ["weights"],
        "outputConnections": ["visualization"],
        "hints": "Correlation of criteria weight vectors"
      },
      {
        "id": 9,
        "name": "Weights similarity 2",
        "extensions": ["crisp"],
        "inputConnections": ["weights"],
        "outputConnections": ["visualization"],
        "hints": "Correlation of criteria weight vectors"
      }
    ]
  },
  {
    "id": 10,
    "key": "Visualization",
    "label": "Visualization",
    "function": "primary",
    "type": "visualization",
    "data": [
      {
        "id": 1,
        "name": "Weights distribution",
        "extensions": ["crisp"],
        "inputConnections": ["weights"],
        "outputConnections": [],
        "hints": "Distribution of criteria weights values for given weighting methods"
      },
      {
        "id": 2,
        "name": "Polar weights",
        "extensions": ["crisp"],
        "inputConnections": ["weights"],
        "outputConnections": [],
        "hints": "Pie chart with distribution of weight values for the given weighting methods"
      },
      {
        "id": 3,
        "name": "Ranking bar",
        "extensions": ["crisp"],
        "inputConnections": ["ranking"],
        "outputConnections": [],
        "hints": "Bar chart with the positions of the decision options for the given MCDA methods"
      },
      {
        "id": 4,
        "name": "Ranking flow",
        "extensions": ["crisp"],
        "inputConnections": ["ranking"],
        "outputConnections": [],
        "hints": "Plot with positions of decision options for the given MCDA methods"
      },
      {
        "id": 5,
        "name": "Polar ranking",
        "extensions": ["crisp"],
        "inputConnections": ["ranking"],
        "outputConnections": [],
        "hints": "Pie chart with positions of decision options for the given MCDA methods"
      },
      {
        "id": 6,
        "name": "Scatter ranking",
        "extensions": ["crisp"],
        "inputConnections": ["ranking"],
        "outputConnections": [],
        "hints": "Scatter plot comparing the positions of the decision options for the two given MCDA methods"
      },
      {
        "id": 7,
        "name": "Correlation heatmap",
        "extensions": ["crisp"],
        "inputConnections": ["correlation"],
        "outputConnections": [],
        "hints": "Heatmap with correlation values for given methods"
      },
      {
        "id": 8,
        "name": "Correlation flow",
        "extensions": ["crisp"],
        "inputConnections": ["correlation"],
        "outputConnections": [],
        "hints": "Plot with correlation of rankings for the given methods"
      }
    ]
  },
  {
    "id": 11,
    "key": "Expert function",
    "label": "Expert function",
    "function": "additional",
    "type": "expert_function",
    "data": [
      {
        "id": 1,
        "name": "Method expert",
        "functionName": "method_expert",
        "extensions": ["crisp"],
        "inputConnections": [],
        "outputConnections": [],
        "hints": "The MCDA method, in its role as an expert, evaluates characteristic objects based on weights and types of criteria"
      },
      {
        "id": 2,
        "name": "ESP expert",
        "functionName": "esp_expert",
        "extensions": ["crisp"],
        "inputConnections": [],
        "outputConnections": [],
        "hints": "The artificial expert evaluates the characteristic objects based on the indicated expected solutions"
      },
      {
        "id": 3,
        "name": "Compromise expert",
        "functionName": "compromise_expert",
        "extensions": ["crisp"],
        "inputConnections": [],
        "outputConnections": [],
        "hints": "The expert function evaluates characteristic objects in order to obtain a compromise from different preferences"
      }
    ]
  }
]
