{
  "assessment-error": "Wystąpił błąd przy ocenie wielokryterialnej",
  "graph-error": "Wystąpił błąd przy generowaniu wykresu",

  "extract-data-error": "Błąd podczas pobierania macierzy decyzyjnej",
  "no-assessment-method-error": "Nie podano metody wielokryterialnej",

  "matrix-criteria-extensions-shapes-mismatch": "Liczba macierzy, wektorów typów kryteriów i rozszerzeń danych są różne",
  "criteria-types-number-error": "Liczba kryteriów powinna być równa liczbie typów kryteriów:",
  "criteria-dimension-error": "Liczba kryteriów powinna być równa liczbie wag i typów kryteriów: ",
  "criteria-orders-error": "Liczba macierzy decyzyjnych i rankingów powinna być taka sama: ",
  "crisp-matrix-format-error": "Macierz ostra ma nieprawidłowy format",
  "crisp-matrix-not-numeric-error": "Macierz ostra ma elementy nienumeryczne",
  "fuzzy-matrix-format-error": "Macierz rozmyta ma nieprawidłowy format. Elementy powinny być podane jako Trójkątne Liczby Rozmyte",
  "data-extension-error": "rozszerzenie nie jest obsługiwane",
  "weights-sum-error": "Wartości wag powinny sumować się do 1",
  "fuzzy-weights-error": "Wartości wag rozmytych powinny być podane jako Trójkątne Liczby Rozmyte",
  "criteria-types-values-error": "Wartości typów kryteriów powinny być podane jako -1 dla kosztu lub 1 dla zysku",
  "criteria-types-not-unique-error": "Typy kryteriów nie powinny być takie same",

  "criteria-types-not-numeric-error": "Wartości typów kryteriów nie zawierają elementów liczbowych",
  "not-all-keys-json-error": "Nie wszystkie wymagane klucze (matrix, criteriaTypes) zostały wykryte w pliku .json",
  "empty-matrix": "Jedna z przesłanych macierzy decyzyjnych jest pusta",
  "matrix-array-convert-error": "Konwersja macierzy spowodowała błąd",
  "criteria-array-convert-error": "Konwersja typów kryteriów spowodowała błąd",
  "file-type-error": "Przesłany typ pliku jest nieprawidłowy",

  "random-matrix-extension-error": "Losowa macierz nie może zostać utworzona dla rozszerzenia",
  "random-matrix-unexpected-error": "Nieoczekiwany błąd podczas generowania macierzy losowej",

  "weights-method-not-found-error": "rozszerzenie: nie znaleziono metody",
  "weights-unexpected-error": "Błąd w obliczaniu wag kryteriów:",

  "ranking-unexpected-error": "Nieoczekiwany błąd w obliczeniach rankingu",
  "ranking-order-error": ": taki sposób rankingu nie został znaleziony",
  "ranking-preference-error": "Obliczanie rankingu na podstawie preferencji spowodowało błąd",

  "correlation-method-error": "metoda nie znaleziona",
  "correlation-unexpected-error": "Nieoczekiwany błąd przy obliczaniu korelacji:",

  "fuzzy-normalization-method-error": ": metoda normalizacji na danych rozmytych nie znaleziona",
  "fuzzy-distance-method-error": ": metryka odległości na danych rozmytych nie znaleziona",
  "fuzzy-defuzzification-method-error": ": metoda defuzyfikacji nie znaleziona",
  "fuzzy-parameters-unexpected-error": "Nieoczekiwany błąd podczas pobierania metryk metod rozmytych",
  "crisp-normalization-method-error": ": metoda normalizacji na danych ostrych nie znaleziona",
  "crisp-preference-function-error": ": funkcja preferencji nie została znaleziona",
  "crisp-parameters-unexpected-error": "Nieoczekiwany błąd podczas pobierania metryk metod ostrych",
  "method-name-error": "Nie można pobrać nazw metod MCDA:",
  "fuzzy-weights-user-error": "Wartości wag rozmytych z danych od użytkownika nie są poprawnie zdefiniowane",
  "fuzzy-method-not-found": ": nie znaleziono metody typu rozmytego",
  "fuzzy-assessment-error": "Ocena na danych rozmytych spowodowała błąd",
  "crisp-assessment-error": "Ocena na danych ostrych spowodowała błąd",
  "nan-preferences-error": "Wartości nienumeryczne w wynikach. Zweryfikuj podaną macierz decyzyjną",
  "no-preference-function-error": "Funkcja preferencji nie została podana",
  "crisp-method-not-found": ": nie znaleziono metody typu ostrego",
  "additional-function-error": "Podano błędną metrykę: ",

  "matrix-generation-bounds-error": "Dolny przedział generowania macierzy powinien być większy niż górny",
  "criteria-types-generation-error": "Liczba kryteriów powinna być większa niż 0",

  "locale-error": ": lokalizacja nie jest obsługiwana",
  "key-error": "Klucz komunikatu o błędzie nie został obsłużony",
  "timeout-error": "Generowanie odpowiedzi zajęło zbyt wiele czasu",

  "block-type-error": "Nieprawidłowy typ bloku. Sprawdź blok o ID ",
  "matrix-no-connections": "Nie znaleziono połączeń z macierzą decyzyjną o ID ",
  "weights-not-found": "Nie znaleziono bloku wag z ID ",
  "method-not-found": "Nie znaleziono bloku metody MCDA o ID ",
  "ranking-not-found": "Nie znaleziono bloku rankingu z identyfikatorem ",
  "ranking-calculation-size": "Dane do obliczenia rankingu powinny mieć ten sam rozmiar",
  "db-connection": "Nie można połączyć się z bazą danych",
  "db-collection-name": "Baza danych nie ma kolekcji o nazwie ",
  "db-add-error": "Błąd podczas dodawania nowego elementu do bazy danych",
  "crisp-params-not-found": "Nie znaleziono parametrów dla metod MCDA",
  "fuzzy-params-not-found": "Nie znaleziono parametrów dla rozmytych metod MCDA",
  "call-kwargs-error": "Błąd parametrów wywołania metody",
  "matrix-data-error": "Błąd w macierzy. Sprawdź format danych węzła o ID ",
  "method-name-not-found": "Nie znaleziono nazwy metody",
  "weights-error-calculation": "Błąd w obliczeniach wag ",
  "mcda-method-object-error": "Nieprawidłowe parametry przy tworzeniu obiektu metody wielokryterialnej",
  "not-numeric-results": "Brak wartości liczbowych w wynikach",
  "method-calculation-error": "Błąd obliczeniowy metody wielokryterialnej",
  "ranking-calculation-error": "Błąd w obliczeniach rankingu",
  "correlation-generating-error": "Błąd w generowaniu wyników korelacji",
  "visualization-data-error": "Błąd podczas pobierania danych wizualizacji ",
  "visualization-calculation-error": "Błąd podczas przygotowywania danych wizualizacji ",
  "scatter-ranking-limit": "Tylko dwa rankingi wejściowe można zwizualizować za pomocą wykresu punktowego",
  "graphs-same-type": "Grafy powinny być generowane dla elementów tego samego typu",
  "graph-generation-error": "Błąd podczas generowania wykresu ",
  "extension-not-found": "nie znaleziono rozszerzenia danych",
  "missing-esp-comet": "Nie podano wartości 'esp' dla metody COMET dla wariantu ESP Expert",
  "matrix-weights-size-error": ": Ta metoda wygenerowała nieprawidłowe wagi. Spróbuj użyć innej metody obliczania wag",
  "connection-structure-error": "Struktura połączenia jest nieprawidłowa. Sprawdź połączenie między węzłami",
  "correlation-same-size-error": "Dane do obliczeń korelacji powinny mieć ten sam rozmiar"
}
